confidence_level,mean_return,std_return,min_return,max_return,var,cvar
0.95,0.04573114201681271,0.09021381027034707,-0.24395106875018732,0.3747594203248498,0.10499188770840902,0.14187176963194098
0.99,0.04573114201681271,0.09021381027034707,-0.24395106875018732,0.3747594203248498,0.16570652359543936,0.1922911943595927
