confidence_level,mean_return,std_return,min_return,max_return,var,cvar
0.95,0.048187996574721,0.08359559682668846,-0.21906304223028486,0.3484565921864688,0.0921030348900905,0.1257650570252157
0.99,0.048187996574721,0.08359559682668846,-0.21906304223028486,0.3484565921864688,0.14726200316856872,0.17248196235760663
